id,year,age,education_years,industry,job_type,employment_stability,target_metric,is_labeled
1,2018,61,15,金融,研究岗,低,9.925777313634033,False
2,2020,53,15,文旅,技术岗,中,8.861569750804485,True
3,2016,21,16,制造业,管理岗,中,9.80314974871222,False
4,2020,22,16,制造业,管理岗,高,9.754468822385101,False
5,2020,54,9,零售,研究岗,中,8.498109530874231,True
6,2014,25,16,文旅,研究岗,中,10.452200616791378,True
7,2016,59,12,制造业,销售岗,中,9.900606237117739,False
8,2016,45,15,公共服务,行政岗,高,10.437720596309724,False
9,2016,48,16,教育,销售岗,中,9.717590396432877,True
10,2020,26,12,零售,销售岗,中,9.521105938320957,True
11,2018,46,15,公共服务,行政岗,高,10.877052352668972,False
12,2016,31,12,互联网,技术岗,低,9.80850389268999,True
13,2022,57,9,金融,销售岗,高,10.514376102037692,False
14,2020,58,12,零售,销售岗,低,8.970399033505801,False
15,2014,39,12,互联网,管理岗,高,10.603809538850344,False
16,2018,28,19,金融,行政岗,中,10.418094352107085,False
17,2022,40,15,教育,运营岗,中,8.886967693167179,False
18,2022,18,12,制造业,技术岗,高,9.905829411643428,False
19,2014,63,15,公共服务,技术岗,低,9.341333271567821,False
20,2018,54,9,文旅,行政岗,低,8.246370252331506,True
21,2020,38,19,公共服务,研究岗,中,10.275321068420245,False
22,2012,43,16,教育,研究岗,中,9.518560433275672,False
23,2018,63,16,互联网,管理岗,中,12.080952703154477,True
24,2014,53,12,文旅,管理岗,低,8.574556771622483,True
25,2022,40,15,制造业,行政岗,低,9.082891281652422,False
26,2020,18,15,教育,管理岗,低,10.158253108656284,False
27,2018,57,16,文旅,技术岗,低,9.626837965647951,False
28,2012,32,9,教育,技术岗,中,9.917061270094221,False
29,2012,38,12,教育,运营岗,高,10.049215079643846,False
30,2016,64,19,制造业,研究岗,高,10.14973107963785,False
31,2016,26,15,零售,行政岗,高,9.1914991838062,False
32,2014,26,12,金融,销售岗,低,10.49909569440042,True
33,2018,27,9,文旅,研究岗,中,8.681352397925886,False
34,2018,43,19,制造业,销售岗,低,10.377398278640289,False
35,2022,58,9,教育,运营岗,中,9.955449316491269,False
36,2022,52,16,制造业,运营岗,中,10.010195207783521,False
37,2022,42,16,零售,管理岗,低,9.462718855371708,True
38,2016,43,12,金融,运营岗,低,9.368950642436442,False
39,2018,28,16,公共服务,运营岗,高,10.334508494187364,True
40,2018,55,9,文旅,销售岗,中,7.714739142905113,False
41,2012,19,12,金融,管理岗,中,10.553649486481248,False
42,2016,24,16,互联网,运营岗,低,10.195711987536644,False
43,2020,35,16,文旅,研究岗,低,9.577451365154174,True
44,2016,44,15,金融,运营岗,高,10.683266251065115,False
45,2020,51,15,教育,管理岗,低,8.924543984437328,False
46,2012,44,12,文旅,行政岗,中,8.302854021558264,False
47,2014,34,9,文旅,管理岗,低,9.39771628847468,False
48,2018,60,9,制造业,销售岗,中,10.244100394701581,False
49,2012,61,12,教育,行政岗,低,8.483328915434797,False
50,2018,41,12,互联网,研究岗,高,9.631135957651974,False
51,2022,42,12,公共服务,技术岗,高,10.17377869116509,False
52,2014,24,12,零售,管理岗,高,9.90738936797077,False
53,2014,23,12,金融,销售岗,中,11.78970965096869,False
54,2012,41,15,制造业,研究岗,高,10.741611607854242,False
55,2014,50,16,金融,行政岗,中,10.939483459541178,True
56,2020,46,12,互联网,研究岗,中,9.639916215002817,False
57,2014,60,19,互联网,管理岗,中,10.908643188014876,False
58,2018,39,16,文旅,运营岗,低,10.522477514361453,False
59,2018,43,12,零售,管理岗,低,9.219585079209905,False
60,2018,45,16,互联网,技术岗,高,10.465531984444576,False
61,2018,38,15,金融,管理岗,低,10.227744439633813,False
62,2020,24,15,教育,行政岗,中,9.56452572519027,False
63,2016,34,12,教育,行政岗,中,9.837929932767825,False
64,2022,37,15,文旅,管理岗,高,10.154184676051623,False
65,2012,58,12,公共服务,行政岗,高,10.573992527249361,True
66,2018,37,15,金融,运营岗,高,10.445834156619112,True
67,2014,39,16,金融,研究岗,中,10.851100700334928,False
68,2018,45,16,互联网,管理岗,低,10.042239094904373,False
69,2014,57,15,零售,运营岗,中,10.151867692980236,False
70,2022,24,16,金融,研究岗,低,10.092467849314456,True
71,2022,18,12,制造业,研究岗,低,9.825410142819866,False
72,2022,49,12,公共服务,运营岗,中,10.010529705998648,False
73,2014,30,16,互联网,销售岗,中,9.793339126818205,False
74,2018,47,12,制造业,管理岗,高,10.516306481368831,True
75,2022,40,9,文旅,研究岗,低,9.048437437178588,False
76,2020,36,12,教育,研究岗,中,9.43161181795562,False
77,2014,49,12,文旅,行政岗,低,8.989495538581489,False
78,2014,47,19,教育,研究岗,高,10.564010152954031,False
79,2018,46,15,文旅,运营岗,高,10.01745807110306,True
80,2014,62,19,金融,研究岗,高,11.073943952047927,False
81,2014,46,15,制造业,销售岗,高,10.364621431375163,False
82,2022,47,15,教育,管理岗,中,10.264721554942598,False
83,2018,33,12,互联网,管理岗,中,11.586956263884185,True
84,2022,57,15,制造业,研究岗,中,10.021830466532519,False
85,2022,36,12,互联网,技术岗,中,9.655984637385087,False
86,2018,35,16,制造业,技术岗,中,8.96910266721397,False
87,2012,18,16,制造业,运营岗,中,9.422575760995178,False
88,2022,31,12,文旅,技术岗,高,10.4594417579141,True
89,2020,64,19,教育,运营岗,高,10.795958478725208,False
90,2020,19,16,教育,行政岗,高,9.417507674416752,False
91,2014,45,16,零售,运营岗,高,11.385316842549571,False
92,2020,47,12,制造业,技术岗,中,9.939720462713831,False
93,2014,55,15,金融,研究岗,低,10.403174195934186,False
94,2012,21,15,金融,行政岗,低,11.384323848964845,False
95,2018,18,12,互联网,技术岗,中,11.016700646455519,False
96,2018,25,9,互联网,运营岗,高,10.39962561170769,False
97,2018,46,16,文旅,销售岗,低,10.15606766745444,False
98,2020,56,12,制造业,管理岗,高,10.417531802893977,False
99,2012,20,15,互联网,技术岗,低,9.917468077558391,False
100,2020,49,19,互联网,运营岗,中,10.77773609364931,False
101,2020,27,16,公共服务,行政岗,中,10.245876271741091,False
102,2012,27,12,制造业,技术岗,低,9.440269573091875,False
103,2012,36,16,文旅,技术岗,低,9.169019269656445,False
104,2012,63,9,互联网,管理岗,中,9.673628279280235,False
105,2012,51,9,文旅,运营岗,高,8.996637065651743,False
106,2018,50,15,教育,销售岗,中,9.965404913979727,True
107,2016,40,12,文旅,行政岗,中,8.650748566396418,False
108,2016,45,12,金融,运营岗,中,10.347571180779154,True
109,2012,49,15,金融,行政岗,低,9.25279902743751,False
110,2016,24,12,文旅,技术岗,高,9.558089817003847,False
111,2016,46,12,金融,管理岗,低,10.187255590964467,False
112,2012,25,15,教育,管理岗,高,10.51513069133189,True
113,2016,18,16,制造业,研究岗,中,10.449797564885927,False
114,2020,20,15,金融,销售岗,高,10.725853652960634,True
115,2014,41,12,金融,管理岗,低,9.294399676613882,False
116,2014,40,15,文旅,技术岗,中,10.409334595176716,False
117,2012,25,12,教育,销售岗,低,8.83697924952219,False
118,2018,64,9,零售,运营岗,低,9.67201670124988,False
119,2012,54,16,零售,管理岗,中,10.225237616614939,True
120,2018,20,12,零售,销售岗,低,10.057395833106748,False
121,2014,50,12,零售,技术岗,中,9.573677666208965,True
122,2012,45,16,制造业,研究岗,低,9.37967974103394,False
123,2022,64,15,文旅,行政岗,中,9.159041111712412,True
124,2020,25,16,文旅,行政岗,高,9.450131365984888,False
125,2016,51,12,公共服务,技术岗,中,8.709773888266144,False
126,2018,52,12,教育,技术岗,中,10.208101604315113,False
127,2022,49,12,零售,行政岗,中,10.147079324167823,False
128,2016,41,12,制造业,研究岗,高,10.214534958891267,False
129,2016,31,16,教育,销售岗,中,9.991827498359697,True
130,2012,49,16,零售,行政岗,中,11.013527690054383,False
131,2016,63,16,制造业,技术岗,高,10.176018334369795,False
132,2020,60,16,教育,管理岗,高,10.28150424447914,False
133,2022,33,15,文旅,运营岗,中,9.843681667668983,False
134,2016,21,16,文旅,研究岗,中,9.763930563445102,False
135,2012,54,12,互联网,研究岗,高,10.557035969407105,False
136,2020,38,15,金融,管理岗,中,10.051576820937512,False
137,2014,31,15,零售,管理岗,低,9.16468219541695,False
138,2022,48,12,公共服务,技术岗,低,9.734808161975145,True
139,2016,35,12,教育,行政岗,高,9.566315398390714,False
140,2012,24,19,公共服务,销售岗,中,10.243415115441348,False
141,2014,27,12,互联网,研究岗,高,10.02226953413006,False
142,2014,24,12,金融,研究岗,中,10.153646785975345,False
143,2018,50,15,教育,管理岗,中,9.559690984843357,True
144,2020,40,16,制造业,行政岗,低,9.477676185987999,False
145,2016,38,15,零售,研究岗,低,9.099147333004344,False
146,2012,36,16,金融,销售岗,高,11.093831560423798,False
147,2018,36,12,文旅,管理岗,高,9.874536658838231,False
148,2020,53,15,互联网,销售岗,中,10.805202953086516,False
149,2018,46,12,金融,行政岗,中,10.72396261049918,False
150,2022,35,16,零售,研究岗,中,9.62704712007538,False
151,2020,19,16,金融,运营岗,中,10.96487174141371,False
152,2020,18,12,零售,研究岗,中,9.552233602936614,False
153,2016,64,9,文旅,行政岗,低,9.052729571986411,False
154,2020,22,9,教育,研究岗,中,10.138801903163428,False
155,2018,37,12,制造业,研究岗,高,10.214572654548487,True
156,2020,28,12,文旅,技术岗,高,9.58616665971495,False
157,2016,59,16,制造业,研究岗,低,10.098836323539656,False
158,2016,19,15,教育,研究岗,高,9.383858041306723,False
159,2022,20,12,金融,销售岗,中,10.29602213962679,False
160,2018,40,12,制造业,运营岗,中,8.935224647028,False
161,2014,29,12,互联网,销售岗,低,9.268580205772501,True
162,2014,37,16,互联网,销售岗,中,10.701551834048017,False
163,2020,22,12,零售,管理岗,中,8.091364701415257,False
164,2022,54,16,文旅,技术岗,中,10.941381522491115,False
165,2012,55,16,教育,销售岗,高,10.61897099638753,False
166,2020,47,15,零售,行政岗,高,8.938806782630643,False
167,2022,26,16,文旅,行政岗,中,11.269174233681277,False
168,2018,51,12,文旅,研究岗,高,11.250757140867309,False
169,2018,61,19,零售,管理岗,中,10.020729587555644,True
170,2018,52,12,公共服务,技术岗,低,8.850431014414868,False
171,2018,39,9,文旅,技术岗,中,10.317466965811576,False
172,2018,61,16,公共服务,研究岗,低,9.490915424407858,False
173,2022,41,19,互联网,行政岗,中,10.70857172929707,False
174,2022,34,16,互联网,运营岗,低,10.799509353657523,False
175,2016,27,9,文旅,管理岗,低,9.055568694913742,False
176,2014,47,12,互联网,研究岗,高,10.077420162325833,True
177,2018,63,19,教育,管理岗,中,9.55018276253713,False
178,2012,40,12,公共服务,行政岗,中,9.263201297344093,False
179,2022,49,16,公共服务,行政岗,低,9.536576584559162,False
180,2012,34,16,文旅,运营岗,中,9.268790246030932,False
181,2012,34,15,互联网,运营岗,中,9.668635299984842,True
182,2012,31,12,制造业,技术岗,高,9.928480724154195,True
183,2016,26,15,零售,管理岗,中,8.782662719880422,False
184,2022,57,12,零售,管理岗,低,8.82646034140827,False
185,2012,19,16,公共服务,行政岗,中,10.999526696478362,True
186,2018,62,15,文旅,技术岗,低,9.42999224407296,False
187,2020,42,16,文旅,研究岗,中,9.69110212548788,False
188,2012,56,9,教育,管理岗,中,9.25752979101684,False
189,2016,26,19,金融,技术岗,高,10.686216190200117,False
190,2022,39,15,金融,技术岗,低,10.466177878411111,False
191,2016,60,9,公共服务,行政岗,中,9.647676384247792,False
192,2012,63,9,零售,技术岗,低,8.855082872814515,False
193,2022,21,16,教育,运营岗,中,9.892389417274131,False
194,2020,43,16,教育,运营岗,中,10.732025214894533,False
195,2012,46,16,教育,销售岗,高,9.329332385041361,False
196,2016,62,9,公共服务,行政岗,低,9.088329890898205,False
197,2014,51,9,金融,研究岗,低,9.74438559719318,True
198,2018,40,15,零售,销售岗,中,9.372824426945487,False
199,2016,54,12,教育,运营岗,低,9.376674868079787,False
200,2022,28,15,零售,销售岗,低,9.048577946558964,False
201,2012,23,19,互联网,行政岗,中,10.970442988885829,False
202,2018,35,19,文旅,行政岗,低,9.203986339472591,False
203,2012,38,19,文旅,技术岗,低,10.524283514331032,False
204,2022,59,16,零售,管理岗,高,9.989682163600742,False
205,2012,53,12,制造业,技术岗,中,9.51358137731146,False
206,2014,58,15,制造业,行政岗,低,9.19741659519015,False
207,2018,55,15,公共服务,运营岗,中,10.416861787793106,True
208,2018,51,16,公共服务,研究岗,中,9.571475826281322,False
209,2022,34,9,文旅,运营岗,中,8.748013292278035,False
210,2014,54,15,互联网,技术岗,中,10.878304825454466,True
211,2016,42,9,金融,研究岗,低,9.17263180257794,True
212,2012,55,15,金融,行政岗,中,10.348034727220533,True
213,2020,29,16,公共服务,运营岗,中,10.380342076655495,True
214,2012,40,16,互联网,行政岗,中,10.466876681529525,False
215,2012,59,12,公共服务,研究岗,高,10.711968350228485,False
216,2016,39,19,金融,研究岗,中,10.260777297441777,False
217,2012,38,16,零售,运营岗,中,9.764218764870144,False
218,2014,44,9,公共服务,行政岗,中,9.296752022852775,False
219,2014,48,12,教育,销售岗,中,10.031679223915699,False
220,2018,23,12,零售,行政岗,低,10.018742720310954,False
221,2022,44,9,公共服务,研究岗,低,9.160489080295784,False
222,2020,57,19,文旅,行政岗,高,10.264284893301841,False
223,2012,51,15,公共服务,技术岗,中,9.034354472693574,False
224,2012,29,16,文旅,销售岗,中,10.011809654388182,False
225,2016,62,12,互联网,管理岗,中,9.702334994501953,True
226,2022,24,12,金融,技术岗,中,10.500139970829325,False
227,2014,27,15,零售,管理岗,低,9.324673695930086,False
228,2020,62,9,零售,运营岗,高,9.337649070096461,False
229,2018,34,15,制造业,管理岗,低,8.946852591979036,False
230,2014,43,19,制造业,行政岗,高,9.473701353930602,True
231,2022,38,15,金融,管理岗,高,11.573542872100985,False
232,2018,45,15,制造业,研究岗,高,10.2213261502609,True
233,2016,63,12,零售,技术岗,中,9.782384512696837,False
234,2016,19,9,公共服务,技术岗,低,8.618237770249486,False
235,2012,60,9,互联网,管理岗,中,10.30153798394824,False
236,2022,18,15,互联网,技术岗,中,10.682326942747398,True
237,2020,53,9,金融,研究岗,中,9.478665043067457,False
238,2018,43,12,制造业,技术岗,高,9.327272010285037,False
239,2014,46,15,公共服务,管理岗,中,9.447109773894999,False
240,2022,38,12,互联网,销售岗,中,10.04444454321109,True
241,2022,28,12,互联网,销售岗,中,10.151908851727127,False
242,2016,57,12,教育,运营岗,中,9.711116704531259,False
243,2012,28,19,教育,技术岗,中,10.964301559752112,True
244,2012,53,16,零售,管理岗,高,9.636773732447168,False
245,2018,56,15,互联网,技术岗,中,9.702335904934095,False
246,2016,57,9,金融,行政岗,高,10.070054462018502,False
247,2022,52,19,文旅,研究岗,高,9.408803351292978,False
248,2020,51,16,文旅,技术岗,高,10.482655624180838,False
249,2016,64,12,公共服务,技术岗,低,9.41387979546187,False
250,2018,41,16,互联网,销售岗,高,10.34407907749953,False
251,2018,39,12,互联网,研究岗,低,9.593545919712975,False
252,2016,22,15,零售,管理岗,低,10.050497680166679,False
253,2018,50,16,互联网,技术岗,中,10.862981364436193,False
254,2016,53,12,金融,销售岗,中,10.024495477872657,False
255,2014,64,19,教育,运营岗,低,10.325472852956834,False
256,2016,37,16,互联网,研究岗,低,10.604853754012186,False
257,2016,36,15,互联网,销售岗,低,10.234539424093592,False
258,2018,52,12,零售,销售岗,高,9.596994239204202,False
259,2018,60,9,制造业,销售岗,低,9.479642239119832,False
260,2012,34,12,零售,技术岗,低,8.738502346388845,True
261,2012,62,16,零售,技术岗,中,9.91910806311166,True
262,2014,60,12,金融,运营岗,中,10.031780559405561,False
263,2012,51,15,公共服务,行政岗,高,9.78557390691359,False
264,2016,26,16,互联网,行政岗,低,9.180413443475114,False
265,2018,43,9,零售,行政岗,中,8.754821236723165,True
266,2012,19,16,零售,研究岗,中,9.612757846731041,True
267,2012,26,9,制造业,研究岗,高,10.162271549351315,True
268,2014,26,19,零售,运营岗,中,10.277202919722194,True
269,2022,57,15,文旅,研究岗,高,10.536820836415345,True
270,2014,34,12,公共服务,行政岗,低,10.043602360320072,False
271,2016,18,12,互联网,行政岗,中,10.241120029887226,False
272,2018,42,15,互联网,销售岗,中,10.377161375874165,False
273,2014,60,16,制造业,研究岗,高,9.694853301823134,False
274,2012,57,16,金融,技术岗,低,11.32266919551532,False
275,2018,59,15,互联网,技术岗,低,9.270185760559396,True
276,2018,42,9,文旅,销售岗,中,9.455303748514673,True
277,2012,56,12,互联网,销售岗,低,10.268039451949962,False
278,2014,52,9,文旅,销售岗,低,9.605705667642237,False
279,2012,20,15,公共服务,技术岗,高,9.36470100025837,False
280,2022,54,16,公共服务,行政岗,中,9.699053348422826,False
281,2018,61,15,教育,销售岗,中,9.490574875335286,False
282,2020,61,12,教育,运营岗,高,8.750761173738688,False
283,2020,47,15,文旅,销售岗,中,9.941679707959729,False
284,2016,55,16,金融,管理岗,低,9.835311532068014,False
285,2012,51,16,互联网,销售岗,低,10.95801525659124,False
286,2012,29,16,零售,技术岗,中,10.21834594100377,False
287,2016,36,12,互联网,研究岗,中,10.082771072617762,True
288,2016,54,12,教育,销售岗,中,9.430015257196024,False
289,2016,61,16,零售,研究岗,低,9.693313838382123,False
290,2018,34,16,文旅,管理岗,中,9.80926940124632,False
291,2022,27,12,零售,运营岗,高,9.74824650989121,False
292,2012,64,16,互联网,研究岗,高,11.575899673957583,False
293,2018,29,16,互联网,行政岗,高,9.944384114558776,False
294,2016,33,15,金融,销售岗,高,10.457246972243448,False
295,2012,41,16,制造业,管理岗,中,10.468513620166224,False
296,2018,36,12,零售,管理岗,高,9.489922537017797,False
297,2022,25,15,教育,研究岗,低,10.549298012334603,False
298,2018,48,15,教育,运营岗,中,10.30315253415651,False
299,2022,38,16,制造业,技术岗,中,9.684610271656707,True
300,2016,34,16,互联网,销售岗,低,10.242237786251241,False
301,2022,40,16,金融,管理岗,高,10.242465196196708,False
302,2012,54,9,金融,运营岗,高,9.631837927105249,False
303,2016,33,16,教育,行政岗,中,9.93289111115973,False
304,2012,23,16,金融,管理岗,高,11.325068639045979,True
305,2020,25,16,公共服务,运营岗,低,10.089994771881594,False
306,2014,42,16,制造业,技术岗,中,10.06758231642651,False
307,2022,35,16,互联网,技术岗,中,10.809652407141316,False
308,2014,42,15,公共服务,管理岗,中,9.997740290728705,True
309,2014,29,15,制造业,管理岗,高,9.506558835906091,False
310,2022,32,12,文旅,研究岗,高,9.700174309446428,False
311,2016,43,12,零售,销售岗,高,9.669762222210196,False
312,2020,58,16,教育,运营岗,中,10.42892968530928,True
313,2012,62,16,金融,管理岗,高,10.318441224668845,False
314,2018,43,12,文旅,销售岗,低,8.878034483386577,False
315,2012,64,12,金融,研究岗,高,10.284949173767258,False
316,2018,49,16,公共服务,销售岗,中,9.575016522802995,False
317,2012,27,9,互联网,管理岗,低,9.392069929229002,False
318,2022,33,12,互联网,技术岗,中,10.015516234909883,False
319,2020,24,9,互联网,运营岗,低,9.359325709951552,False
320,2018,34,12,金融,运营岗,低,10.439750508569052,False
321,2016,40,12,文旅,技术岗,中,10.407862308302432,False
322,2012,43,12,互联网,管理岗,低,10.28460090862702,False
323,2012,38,15,文旅,运营岗,低,8.645841559164824,True
324,2018,39,16,金融,管理岗,低,9.876914485733991,False
325,2016,24,15,公共服务,研究岗,中,9.751741334532293,False
326,2016,31,16,文旅,管理岗,低,8.684549707357457,False
327,2022,32,9,公共服务,销售岗,中,8.888259555567897,True
328,2022,24,12,金融,技术岗,低,9.8047135169221,True
329,2022,26,16,金融,管理岗,高,10.383064255379015,False
330,2022,25,9,教育,研究岗,高,9.604757597519905,False
331,2022,40,15,金融,行政岗,中,9.640544401297676,False
332,2022,46,15,金融,技术岗,高,10.29684470710574,False
333,2020,35,15,制造业,运营岗,高,10.233550362899617,False
334,2016,48,9,互联网,销售岗,高,9.97561080928368,True
335,2022,47,12,教育,运营岗,中,9.935791467706336,False
336,2016,56,16,零售,研究岗,低,9.843715899098644,False
337,2016,52,12,教育,研究岗,中,9.46609116718521,False
338,2014,35,16,教育,运营岗,中,10.076065385691317,False
339,2020,59,16,零售,技术岗,中,9.440003797917731,True
340,2022,56,19,制造业,运营岗,中,10.171374424534992,True
341,2012,34,12,公共服务,管理岗,高,9.17941039042766,False
342,2018,31,16,金融,运营岗,高,11.215983437751941,False
343,2012,48,15,互联网,销售岗,低,9.899578134708099,False
344,2020,41,12,文旅,销售岗,低,9.965168895425435,False
345,2018,52,12,零售,行政岗,低,9.481322837778647,False
346,2020,61,16,公共服务,销售岗,高,9.592885756089071,True
347,2016,62,12,零售,运营岗,中,9.698108629450838,True
348,2018,51,12,金融,销售岗,中,10.605345045798316,False
349,2016,20,9,制造业,技术岗,中,9.477330564618619,True
350,2012,54,16,零售,销售岗,中,9.920716143787683,False
351,2012,60,16,金融,管理岗,中,10.176698480404708,True
352,2018,57,16,金融,技术岗,中,10.493256774562541,False
353,2018,43,12,制造业,行政岗,高,10.040844003841178,False
354,2022,40,12,教育,管理岗,高,9.521651302234819,False
355,2020,61,16,教育,运营岗,高,9.566387234826188,False
356,2022,56,15,互联网,运营岗,高,11.158383774770757,False
357,2020,32,12,互联网,运营岗,中,10.39226627829161,False
358,2022,21,16,教育,管理岗,中,9.708788042045738,False
359,2016,46,19,公共服务,管理岗,高,10.440811491436929,False
360,2018,39,16,文旅,管理岗,高,9.286781732779854,True
361,2012,42,16,金融,技术岗,低,9.142610964349304,False
362,2020,30,19,文旅,研究岗,中,10.78627319811279,False
363,2020,35,12,金融,技术岗,低,10.03625312714385,True
364,2012,50,15,教育,运营岗,中,9.903763641783462,False
365,2022,33,19,互联网,研究岗,中,10.747961462647124,False
366,2020,62,12,公共服务,销售岗,中,11.384372412405837,False
367,2016,59,16,互联网,运营岗,低,10.60800240743493,False
368,2018,61,15,文旅,行政岗,中,9.295007853493855,False
369,2012,19,15,互联网,技术岗,高,9.52579298444382,False
370,2018,52,16,教育,管理岗,低,10.339994669847679,True
371,2020,59,19,公共服务,技术岗,中,10.640852719826503,False
372,2020,51,16,文旅,管理岗,中,10.266283422152743,False
373,2012,47,9,公共服务,研究岗,高,9.072916533005333,False
374,2016,30,16,金融,行政岗,低,10.429806964436187,False
375,2014,30,12,互联网,研究岗,高,9.812160157191094,False
376,2012,35,12,公共服务,行政岗,中,9.97453003731153,False
377,2014,49,15,制造业,技术岗,高,10.690461298999786,False
378,2022,49,15,互联网,管理岗,高,10.151089982643756,False
379,2014,52,15,金融,研究岗,低,10.772495588668484,False
380,2016,56,19,公共服务,行政岗,低,9.98316881975949,False
381,2022,63,16,文旅,运营岗,中,10.220530266843092,False
382,2014,46,16,金融,运营岗,中,9.759701649970058,True
383,2022,46,9,制造业,研究岗,低,9.397717978275196,False
384,2014,61,19,公共服务,管理岗,低,9.548428586921933,False
385,2016,33,19,零售,研究岗,中,10.381048399707797,True
386,2014,61,16,零售,技术岗,低,10.436939468308195,False
387,2014,64,9,教育,行政岗,低,9.359236115123995,False
388,2014,27,9,互联网,技术岗,中,9.32452980146175,False
389,2012,47,12,文旅,运营岗,低,9.724556350477673,False
390,2012,42,12,教育,行政岗,中,9.910983810183245,False
391,2012,56,12,公共服务,研究岗,中,10.742230960520171,True
392,2016,37,19,零售,技术岗,中,10.25968237849552,True
393,2022,22,15,零售,销售岗,高,9.627988754826761,False
394,2020,18,9,零售,管理岗,中,9.74385267410551,False
395,2014,47,12,公共服务,管理岗,中,9.539777060231925,False
396,2014,20,9,零售,销售岗,中,9.364138044341477,True
397,2016,62,9,金融,运营岗,高,9.559338183293447,False
398,2014,31,12,公共服务,行政岗,高,9.692660852958122,False
399,2012,47,12,文旅,管理岗,高,9.796942583619739,False
400,2020,21,16,教育,销售岗,中,9.939408228344718,False
401,2018,35,19,文旅,研究岗,低,9.615011950663048,False
402,2014,54,12,制造业,销售岗,中,9.918526021689914,False
403,2012,42,15,零售,运营岗,低,9.042090170736993,True
404,2018,18,16,制造业,运营岗,高,9.592552969711802,True
405,2020,63,12,互联网,技术岗,中,10.450244893899544,False
406,2018,32,12,互联网,管理岗,高,10.549762597948007,False
407,2012,26,16,制造业,技术岗,中,9.360817535625806,False
408,2022,32,9,公共服务,销售岗,高,8.513744724462144,False
409,2022,41,15,文旅,行政岗,中,9.315191875031886,False
410,2018,21,15,制造业,行政岗,低,9.679435553039742,False
411,2016,29,12,互联网,运营岗,中,10.69489226612103,False
412,2018,54,12,制造业,行政岗,中,9.675990487703116,False
413,2014,54,16,公共服务,行政岗,中,9.506851423199583,True
414,2014,60,9,制造业,行政岗,高,9.751722425995684,False
415,2022,23,12,文旅,销售岗,低,9.317291136612731,False
416,2016,56,16,教育,行政岗,中,9.250445980900851,False
417,2012,63,15,公共服务,研究岗,中,9.093715413294708,False
418,2014,41,12,互联网,行政岗,中,9.31849137383659,True
419,2022,28,16,文旅,行政岗,高,11.463918344199364,False
420,2020,30,12,制造业,技术岗,高,10.382989792150488,False
421,2022,51,16,制造业,销售岗,高,9.90345616780555,False
422,2014,42,16,教育,运营岗,高,10.769546752555911,True
423,2014,24,16,互联网,技术岗,高,10.217569041786193,False
424,2022,21,15,互联网,管理岗,低,10.641349218335552,False
425,2012,25,19,金融,销售岗,高,10.9141685513882,False
426,2018,37,12,互联网,研究岗,中,9.697631812611489,False
427,2014,46,16,教育,销售岗,低,10.133901190205933,False
428,2022,62,12,零售,管理岗,低,9.385635764998028,False
429,2022,63,12,金融,管理岗,高,10.52904727469863,False
430,2016,27,12,金融,管理岗,高,10.42852886275126,False
431,2018,60,19,制造业,运营岗,低,10.18275812507901,False
432,2020,51,19,制造业,行政岗,高,10.910304638447709,True
433,2012,43,12,互联网,销售岗,高,11.631093766849718,True
434,2020,58,9,金融,行政岗,低,10.356835545302259,False
435,2018,20,16,制造业,行政岗,低,9.950804838155674,False
436,2018,23,15,教育,研究岗,高,9.909166196805232,False
437,2018,22,9,制造业,管理岗,中,9.409595795098905,False
438,2020,22,16,公共服务,运营岗,中,9.239128887964252,False
439,2018,64,15,公共服务,研究岗,低,9.965498948404269,False
440,2022,40,19,制造业,技术岗,中,9.761792519587912,False
441,2020,26,12,金融,运营岗,高,10.105150128372905,False
442,2018,52,15,零售,行政岗,中,10.168691786596101,True
443,2022,37,15,零售,运营岗,高,9.81947108291191,False
444,2016,59,16,金融,管理岗,高,10.35924160520891,False
445,2018,52,15,文旅,技术岗,高,9.361385622641894,False
446,2020,35,15,零售,管理岗,中,10.462929702767648,False
447,2014,34,12,公共服务,技术岗,低,8.901727974000918,False
448,2018,41,16,教育,研究岗,中,9.687768295178628,False
449,2014,20,15,金融,行政岗,低,9.164548819091376,True
450,2022,49,12,互联网,技术岗,高,10.199076423705655,False
451,2016,52,16,公共服务,技术岗,中,9.746687812501142,False
452,2012,55,12,教育,技术岗,中,9.790021854332629,False
453,2016,30,9,教育,运营岗,中,8.803952577673336,False
454,2018,64,16,金融,研究岗,高,11.033799436444324,False
455,2014,42,15,教育,运营岗,高,9.068434195934634,False
456,2014,26,16,金融,行政岗,中,10.429302375009676,False
457,2020,21,12,零售,技术岗,高,9.773518555726772,True
458,2014,31,16,制造业,研究岗,中,10.111775703688346,False
459,2020,54,9,公共服务,研究岗,中,9.456765179138149,False
460,2022,51,12,文旅,销售岗,高,10.213769426343475,False
461,2012,28,19,制造业,行政岗,中,11.048584287735178,False
462,2018,58,16,公共服务,研究岗,高,9.994415639427881,False
463,2020,20,15,金融,技术岗,低,9.617686550673213,False
464,2012,45,12,公共服务,技术岗,低,9.668394505261018,False
465,2014,46,16,零售,研究岗,高,9.875868338390694,False
466,2014,26,15,金融,运营岗,低,10.8455408413922,False
467,2012,20,16,制造业,行政岗,高,9.89891836209533,True
468,2014,42,16,互联网,技术岗,高,10.05809401125197,False
469,2022,51,9,互联网,研究岗,低,9.649086563023975,False
470,2022,29,12,公共服务,技术岗,中,8.652770214819656,False
471,2012,59,16,互联网,研究岗,低,9.872914207432945,True
472,2020,26,12,金融,行政岗,中,9.97858768286541,False
473,2020,32,12,教育,研究岗,低,9.561259776424977,True
474,2012,57,19,金融,销售岗,低,9.92205034705139,True
475,2020,42,15,教育,研究岗,中,9.446274740252626,True
476,2020,22,16,制造业,研究岗,中,10.71630252988302,False
477,2022,28,15,文旅,行政岗,高,10.012596199977889,True
478,2020,51,15,教育,研究岗,高,10.555550451146626,False
479,2016,41,9,互联网,行政岗,高,9.672016929239096,False
480,2018,32,12,金融,销售岗,中,10.13005197066852,False
481,2014,55,12,制造业,行政岗,高,10.027993934866068,False
482,2016,25,12,互联网,技术岗,中,11.021155199192798,False
483,2020,22,16,制造业,行政岗,高,10.110310000905685,False
484,2022,43,12,文旅,销售岗,高,9.688552108453791,False
485,2012,35,15,零售,管理岗,中,10.403984165255206,False
486,2020,23,12,金融,研究岗,中,9.951103708833203,False
487,2022,54,9,公共服务,行政岗,高,9.676546055420014,True
488,2018,30,15,金融,研究岗,高,11.106027563530466,False
489,2020,45,12,文旅,运营岗,高,9.463286970565582,False
490,2012,22,12,金融,技术岗,中,10.347254345566013,False
491,2022,30,9,公共服务,技术岗,中,10.330052890579758,False
492,2022,34,12,教育,运营岗,低,9.946724926860986,False
493,2022,57,16,制造业,运营岗,高,10.386713188326645,False
494,2018,62,12,公共服务,行政岗,低,9.236623278492052,False
495,2020,49,12,互联网,运营岗,高,9.87762494529884,False
496,2018,46,16,文旅,管理岗,低,9.156497742220305,False
497,2014,20,12,教育,研究岗,低,10.270293177981124,False
498,2014,57,16,互联网,研究岗,中,11.1035090749535,False
499,2020,51,15,互联网,销售岗,高,10.088587037352681,False
500,2018,57,15,文旅,运营岗,低,9.805727848942976,False
501,2012,44,15,教育,运营岗,中,9.99122957417847,False
502,2022,30,12,零售,管理岗,中,10.211428503728243,False
503,2022,62,15,互联网,技术岗,低,10.260540659065743,False
504,2020,50,12,互联网,技术岗,低,9.79744968159831,False
505,2014,23,16,教育,研究岗,高,9.862072918737374,False
506,2014,41,12,金融,研究岗,中,10.347477314819207,False
507,2022,36,15,互联网,行政岗,低,9.85849958597056,False
508,2020,33,15,制造业,管理岗,高,10.271376719821411,False
509,2018,57,9,教育,销售岗,高,9.558215906297926,False
510,2014,45,12,互联网,销售岗,中,9.855129466071421,False
511,2018,50,16,文旅,管理岗,中,9.414992574502499,False
512,2014,58,16,公共服务,销售岗,高,10.362807389011014,False
513,2014,30,12,制造业,技术岗,高,9.933413687758469,False
514,2016,60,16,公共服务,销售岗,高,11.063081470506534,False
515,2014,62,19,公共服务,销售岗,中,9.602210338892315,False
516,2012,42,16,互联网,管理岗,中,10.723914005728146,False
517,2020,59,9,制造业,管理岗,高,9.624544442585348,False
518,2020,53,16,制造业,销售岗,低,10.984867119079606,False
519,2018,44,12,金融,运营岗,中,10.46193455438381,False
520,2014,55,19,公共服务,管理岗,高,10.498578719899294,False
521,2012,24,15,制造业,行政岗,中,9.9559436607644,False
522,2018,22,12,金融,行政岗,中,9.773283419933911,False
523,2016,60,16,教育,技术岗,中,10.181266035952511,False
524,2018,62,12,金融,销售岗,低,9.149733564974783,False
525,2018,48,19,文旅,运营岗,中,9.455043751278266,False
526,2014,40,19,零售,技术岗,高,10.826841140256223,False
527,2016,59,16,互联网,销售岗,低,9.160831723525765,True
528,2018,27,12,教育,管理岗,低,9.264234542940041,False
529,2012,49,16,零售,行政岗,高,9.452980429807573,False
530,2012,60,9,零售,研究岗,低,8.848641119185688,True
531,2020,47,9,教育,运营岗,中,9.551499916286641,False
532,2016,56,16,文旅,研究岗,高,10.641505410030293,False
533,2016,48,12,金融,行政岗,高,10.979698474352997,False
534,2020,35,12,互联网,研究岗,中,9.55457572946265,False
535,2018,53,19,金融,管理岗,高,10.613720934855278,False
536,2016,19,12,制造业,销售岗,低,11.738902567216577,False
537,2012,31,12,金融,管理岗,高,10.172491922735551,False
538,2012,30,19,教育,研究岗,中,9.764784062202253,False
539,2014,46,9,互联网,管理岗,高,9.57630958049221,False
540,2016,29,16,金融,行政岗,中,10.34572304602987,False
541,2018,56,19,互联网,运营岗,中,10.403994450466348,False
542,2020,19,19,互联网,管理岗,中,10.491096432242824,False
543,2020,49,16,制造业,行政岗,中,10.06821539545039,False
544,2018,30,12,制造业,运营岗,高,9.89437567573876,True
545,2022,63,12,教育,销售岗,中,9.164482426500845,False
546,2014,44,16,文旅,研究岗,中,10.153132061635871,False
547,2020,58,16,零售,销售岗,中,9.946575822434378,False
548,2016,34,15,互联网,技术岗,中,10.57311991880246,False
549,2014,57,12,文旅,行政岗,高,8.837050270451163,False
550,2016,48,9,零售,运营岗,高,9.556264334030313,False
551,2012,51,9,零售,管理岗,中,8.227922026253893,False
552,2014,41,16,教育,销售岗,高,10.063436008037879,False
553,2020,62,15,零售,运营岗,高,10.31186496101419,False
554,2014,52,19,零售,行政岗,中,10.695178533381302,False
555,2014,23,16,互联网,技术岗,中,10.563953035253354,True
556,2014,36,12,互联网,销售岗,高,10.581464904411146,False
557,2022,47,15,公共服务,研究岗,中,9.685547270854647,False
558,2014,24,15,文旅,运营岗,高,9.739957726541268,False
559,2016,27,15,金融,研究岗,中,11.88101698938805,False
560,2012,58,16,制造业,运营岗,中,10.534938171525866,False
561,2018,49,16,金融,运营岗,低,9.584858881694034,False
562,2014,51,16,文旅,行政岗,中,8.995934843156855,False
563,2020,45,12,制造业,行政岗,高,9.654211803015034,False
564,2014,32,9,金融,行政岗,中,10.575527678469768,True
565,2020,47,16,公共服务,管理岗,中,9.956806534715822,False
566,2016,54,9,制造业,运营岗,高,8.446789097701293,False
567,2020,46,12,互联网,销售岗,中,9.962488617245553,False
568,2018,39,9,金融,研究岗,中,9.918679147363298,False
569,2012,21,16,制造业,行政岗,高,8.901382941293985,False
570,2020,37,12,公共服务,行政岗,高,9.773291383627605,False
571,2020,49,16,零售,研究岗,低,9.072647595824773,False
572,2012,53,19,制造业,研究岗,中,9.310449474066427,False
573,2018,21,9,制造业,运营岗,中,10.402479169090972,False
574,2014,44,9,公共服务,行政岗,中,8.78831878956829,False
575,2020,34,12,零售,研究岗,中,9.192993395499048,False
576,2012,29,16,金融,管理岗,中,10.105679412663328,False
577,2016,39,12,教育,管理岗,低,9.441231313008368,False
578,2012,34,12,金融,行政岗,中,11.131470833880734,False
579,2016,27,9,零售,研究岗,低,8.412097221370239,False
580,2018,18,16,文旅,运营岗,中,9.781258067053272,False
581,2014,39,15,公共服务,运营岗,高,10.066474033464518,False
582,2012,43,16,金融,运营岗,高,10.152164539062271,False
583,2022,35,19,制造业,技术岗,中,10.142412477481766,False
584,2020,31,12,公共服务,行政岗,低,9.686974893712257,False
585,2018,64,16,互联网,运营岗,低,9.71436225731143,False
586,2012,46,9,零售,管理岗,中,9.133746620198403,True
587,2020,29,16,金融,研究岗,低,9.992755340194392,False
588,2012,53,16,公共服务,销售岗,中,9.872906325376114,False
589,2016,52,16,金融,销售岗,低,10.363733443042783,False
590,2012,29,9,公共服务,运营岗,高,9.842608422458783,False
591,2022,24,12,制造业,销售岗,中,10.825654866079287,False
592,2012,46,12,互联网,销售岗,低,8.347837962480186,False
593,2012,28,12,互联网,技术岗,高,10.117934763437008,False
594,2022,50,12,文旅,管理岗,中,8.879560160266795,False
595,2018,23,12,公共服务,管理岗,低,9.148046499642003,True
596,2012,64,12,金融,技术岗,中,10.644477031881745,False
597,2022,32,15,互联网,技术岗,中,10.958785887178308,False
598,2020,49,16,零售,销售岗,高,10.714593017250124,False
599,2016,28,15,互联网,行政岗,低,10.729410883167734,False
600,2016,40,9,教育,研究岗,中,9.354335710608765,False
601,2012,43,15,教育,研究岗,中,10.69919165108894,False
602,2018,51,9,互联网,销售岗,低,10.448267387033216,False
603,2018,63,19,公共服务,研究岗,高,10.396340249997829,False
604,2020,51,12,文旅,技术岗,高,10.42748013086216,False
605,2012,46,16,互联网,管理岗,中,10.40268036018412,False
606,2016,21,19,制造业,研究岗,中,11.095627883552984,False
607,2018,34,16,金融,销售岗,低,10.141085219450044,False
608,2012,52,16,文旅,行政岗,高,9.764763735068746,False
609,2018,30,16,制造业,销售岗,低,9.214004713350612,True
610,2022,58,19,文旅,运营岗,低,9.844504031719291,False
611,2018,56,16,制造业,销售岗,中,10.126413506880567,True
612,2016,32,15,金融,技术岗,中,9.879781036243227,False
613,2014,46,16,金融,管理岗,中,10.342440347552389,False
614,2020,46,15,教育,管理岗,低,9.390397879818579,False
615,2020,28,16,公共服务,研究岗,中,9.33766344951822,False
616,2016,49,15,制造业,技术岗,中,10.569736563854471,True
617,2018,19,12,教育,运营岗,低,10.106546981708183,False
618,2012,64,12,制造业,技术岗,高,10.47728797306077,False
619,2018,31,9,教育,销售岗,低,9.153714315158176,False
620,2016,37,12,金融,技术岗,中,10.147689457034472,False
621,2020,39,9,文旅,技术岗,中,8.805254654343358,True
622,2018,28,15,零售,运营岗,中,10.028048092382736,False
623,2020,44,12,教育,销售岗,中,9.783297438402093,True
624,2012,20,16,制造业,行政岗,高,11.794171068089122,False
625,2020,34,9,制造业,行政岗,低,9.86790629910866,True
626,2020,61,12,零售,管理岗,高,9.88338470961397,False
627,2014,45,16,公共服务,研究岗,中,9.90711487895367,False
628,2014,46,15,金融,技术岗,中,10.950718595392475,False
629,2022,38,9,制造业,管理岗,中,9.016343731290714,False
630,2014,64,16,互联网,运营岗,中,11.006800796607719,False
631,2020,33,16,文旅,行政岗,高,9.502071074869484,True
632,2016,54,12,教育,技术岗,高,9.531161878531897,True
633,2020,37,12,公共服务,运营岗,高,8.749001275327547,False
634,2016,23,19,零售,研究岗,高,10.607741922677,False
635,2016,36,16,文旅,运营岗,高,10.237460964444752,False
636,2014,22,15,金融,技术岗,中,10.091184336378687,True
637,2018,20,16,公共服务,研究岗,中,9.4189736649633,False
638,2012,18,12,教育,运营岗,中,10.448297224685039,False
639,2014,55,15,教育,研究岗,低,9.606517834318256,False
640,2014,32,12,零售,技术岗,高,9.287987544013685,False
641,2018,51,16,互联网,技术岗,中,11.437063129989914,True
642,2012,52,15,零售,研究岗,低,9.188615394472059,False
643,2020,42,16,金融,销售岗,低,10.856239389299583,False
644,2022,41,12,公共服务,管理岗,中,8.976955189794186,False
645,2022,29,12,公共服务,运营岗,中,9.414779573386166,True
646,2020,35,15,制造业,运营岗,中,10.276260173960313,False
647,2014,32,16,互联网,销售岗,中,10.348189677717787,False
648,2012,61,15,互联网,销售岗,中,10.43406966183218,False
649,2014,33,9,公共服务,销售岗,中,9.073640834686799,False
650,2016,44,16,公共服务,行政岗,低,8.801212116455222,False
651,2014,25,9,文旅,行政岗,低,9.946067011400592,True
652,2014,63,19,文旅,研究岗,中,9.927194392444262,False
653,2020,42,9,文旅,行政岗,中,9.548956850542787,True
654,2020,34,16,互联网,技术岗,低,10.51607662039778,False
655,2020,46,9,制造业,研究岗,中,9.689817012371268,False
656,2022,25,19,教育,运营岗,低,9.610274803183982,False
657,2016,32,15,文旅,管理岗,中,10.507870729073474,False
658,2020,44,12,制造业,技术岗,中,10.042523546263679,False
659,2012,63,12,零售,运营岗,中,9.669325507689878,False
660,2022,24,12,金融,运营岗,高,10.40657164197224,True
661,2018,20,12,文旅,研究岗,中,10.555244289341383,False
662,2012,46,19,零售,销售岗,高,9.868465779410768,False
663,2012,61,15,教育,销售岗,中,10.15839070560226,False
664,2020,41,16,金融,技术岗,中,10.189253779619904,False
665,2018,20,16,金融,销售岗,中,9.415031806513,True
666,2018,37,16,教育,运营岗,中,8.930496011325415,False
667,2022,63,12,文旅,销售岗,中,9.071949993762809,False
668,2018,32,12,互联网,行政岗,中,9.697856258693239,False
669,2016,42,16,教育,销售岗,低,10.955122362148476,False
670,2020,47,19,教育,运营岗,低,10.38411363886835,False
671,2018,31,12,教育,研究岗,中,10.123588661472683,False
672,2022,24,12,金融,技术岗,中,9.809606821562307,False
673,2016,34,15,制造业,管理岗,中,10.033729943235697,False
674,2014,61,19,零售,销售岗,低,11.13838414161042,False
675,2014,37,12,互联网,运营岗,高,9.54207027942234,True
676,2016,53,15,文旅,管理岗,高,10.270931338552021,False
677,2022,26,16,文旅,管理岗,高,10.986212671800642,False
678,2016,55,9,零售,行政岗,中,9.851268697009735,False
679,2020,39,9,制造业,管理岗,高,10.660846787658878,False
680,2020,19,15,教育,研究岗,高,10.197075891089918,False
681,2014,41,19,互联网,运营岗,中,10.951899163852906,True
682,2018,25,12,文旅,运营岗,中,9.690375912734705,False
683,2022,28,15,零售,销售岗,高,10.243340057526769,False
684,2014,30,15,公共服务,销售岗,中,9.346636473233117,False
685,2018,34,15,零售,销售岗,中,10.235791624919026,False
686,2018,25,16,文旅,研究岗,低,9.86183657202188,True
687,2020,38,15,教育,管理岗,低,9.71446265144,False
688,2012,35,15,公共服务,管理岗,高,10.960515400798718,False
689,2012,47,15,制造业,行政岗,中,9.854038030492374,True
690,2016,35,15,互联网,研究岗,中,10.964302119041239,False
691,2020,63,15,制造业,销售岗,低,10.469003228404866,False
692,2018,64,16,制造业,技术岗,中,10.550549411522004,False
693,2022,48,9,零售,行政岗,中,8.789195181094883,False
694,2012,55,16,互联网,技术岗,低,10.327493063538736,False
695,2018,49,16,互联网,管理岗,高,11.607160865622324,True
696,2012,28,12,文旅,行政岗,低,8.379795555922314,True
697,2012,62,15,文旅,行政岗,中,9.766787828137089,False
698,2012,42,15,互联网,运营岗,中,10.93926968581751,False
699,2022,50,12,公共服务,管理岗,中,9.5465736701168,False
700,2020,55,12,金融,管理岗,高,10.75543829933563,False
701,2022,58,9,文旅,研究岗,高,10.315055065729517,True
702,2014,25,12,金融,行政岗,高,10.437603455731843,False
703,2018,28,16,零售,管理岗,低,9.909944786470549,True
704,2020,39,12,公共服务,行政岗,低,9.410529013469112,True
705,2020,41,16,互联网,研究岗,中,10.543793235083674,False
706,2020,58,15,公共服务,研究岗,中,11.006431339192948,False
707,2020,34,16,文旅,运营岗,高,10.06482832902564,False
708,2022,29,15,制造业,行政岗,高,9.95576527912993,False
709,2020,63,9,零售,管理岗,高,10.042964825960869,True
710,2016,49,16,互联网,管理岗,高,10.066392717267012,True
711,2018,32,9,教育,行政岗,高,9.261903198504116,False
712,2020,33,15,零售,行政岗,中,9.465410088326058,True
713,2018,39,19,金融,行政岗,中,10.579269012648078,False
714,2016,45,12,公共服务,销售岗,中,9.493290294321469,True
715,2016,37,12,互联网,管理岗,低,10.194504774316032,False
716,2018,50,16,零售,研究岗,低,9.441701100607728,True
717,2012,27,16,公共服务,管理岗,中,10.336704908079353,True
718,2014,57,16,互联网,销售岗,高,11.00529938766298,False
719,2012,49,12,文旅,行政岗,低,9.020568840366828,False
720,2012,50,16,零售,运营岗,高,10.493488310284148,True
721,2022,19,12,文旅,行政岗,高,10.293380165627058,False
722,2012,50,16,零售,行政岗,中,8.911484959853029,False
723,2020,50,19,文旅,销售岗,低,10.101414524080681,False
724,2022,58,16,公共服务,管理岗,低,9.401475540434497,False
725,2022,30,16,教育,行政岗,高,10.876685739182841,True
726,2016,47,9,零售,管理岗,高,9.18586659809954,False
727,2012,50,16,零售,技术岗,高,9.293284264579132,False
728,2016,30,16,文旅,研究岗,中,9.933600750832143,False
729,2018,43,9,互联网,管理岗,低,9.076665232745487,False
730,2014,39,16,零售,运营岗,低,10.09727189549584,False
731,2022,56,12,文旅,研究岗,高,9.335263125615016,False
732,2018,19,16,制造业,运营岗,低,9.820371452946448,False
733,2018,55,16,文旅,行政岗,中,10.80019573494029,False
734,2020,56,16,公共服务,研究岗,中,10.534190742217774,True
735,2014,43,9,教育,管理岗,低,9.462811561808923,False
736,2018,63,15,制造业,研究岗,低,9.67983225809625,True
737,2018,32,15,公共服务,行政岗,中,10.060593050916099,False
738,2014,51,19,公共服务,销售岗,中,10.548941173998779,False
739,2014,59,15,公共服务,运营岗,低,9.05736870023148,False
740,2018,61,12,互联网,行政岗,高,10.678235484158112,False
741,2014,57,16,公共服务,销售岗,高,9.474068271093603,True
742,2018,28,15,互联网,研究岗,中,10.614848564256754,True
743,2018,20,16,公共服务,研究岗,高,9.471210277497695,False
744,2020,23,16,金融,行政岗,中,11.559537933853838,True
745,2012,26,16,制造业,管理岗,中,10.499837893715371,False
746,2018,23,15,金融,研究岗,高,9.694186096667725,False
747,2016,26,15,公共服务,管理岗,高,9.999490355573414,False
748,2022,56,12,制造业,管理岗,高,9.62321787575345,False
749,2012,48,9,制造业,管理岗,低,8.91815018862025,False
750,2012,49,12,零售,技术岗,低,9.390906939557633,False
751,2012,58,12,教育,销售岗,高,9.329603437682326,False
752,2020,29,16,金融,销售岗,中,10.898806170741441,False
753,2018,25,16,教育,研究岗,中,10.397559747849638,False
754,2020,25,15,制造业,研究岗,高,10.34328362621809,True
755,2018,45,16,互联网,管理岗,高,10.519272509302525,True
756,2020,37,19,制造业,技术岗,高,10.83290005726974,False
757,2020,64,16,教育,管理岗,中,10.44526202834289,False
758,2022,24,16,金融,技术岗,高,10.880204755207924,False
759,2016,28,15,公共服务,管理岗,低,8.87846928725087,False
760,2020,37,15,零售,运营岗,低,9.116387637372046,False
761,2022,33,9,零售,运营岗,中,9.17256649317934,False
762,2014,21,12,零售,行政岗,低,8.498315006182668,False
763,2016,23,19,公共服务,管理岗,中,10.293201723332341,False
764,2020,39,16,零售,研究岗,中,10.65605286402799,False
765,2012,43,12,金融,销售岗,中,10.848429701717778,False
766,2014,20,15,公共服务,行政岗,低,10.006794379202681,False
767,2014,58,16,零售,研究岗,中,10.280241563629357,False
768,2022,59,9,公共服务,运营岗,中,10.588412542029861,False
769,2014,31,12,教育,管理岗,中,10.1541251076981,False
770,2016,28,16,金融,行政岗,高,11.13909962773359,False
771,2020,35,15,文旅,管理岗,高,9.228596918115112,False
772,2020,29,9,互联网,运营岗,中,10.55305033689595,False
773,2012,40,15,零售,行政岗,高,10.169173542668059,False
774,2022,29,16,互联网,运营岗,低,10.086118610012027,False
775,2012,30,15,公共服务,技术岗,中,9.669799031762468,False
776,2014,42,12,互联网,运营岗,高,9.908272509831916,False
777,2012,62,12,金融,管理岗,中,10.851227283098495,False
778,2016,36,15,金融,销售岗,高,10.534402588908444,False
779,2020,63,15,制造业,运营岗,中,9.718576792621363,False
780,2014,53,16,零售,研究岗,高,9.605649257398436,False
781,2012,62,9,制造业,销售岗,中,9.613829336954572,False
782,2022,25,16,互联网,技术岗,中,10.18221466268022,False
783,2016,46,9,文旅,行政岗,中,9.06673444612519,False
784,2016,49,12,制造业,行政岗,高,9.149814216898491,False
785,2012,61,9,制造业,销售岗,中,10.047646547727474,False
786,2020,35,12,金融,行政岗,高,10.234087198502628,False
787,2012,23,15,文旅,运营岗,中,9.273118738636787,False
788,2014,35,15,公共服务,销售岗,低,9.450820122266913,False
789,2012,36,12,互联网,管理岗,中,10.362022630781091,False
790,2016,39,16,制造业,运营岗,中,10.095862479381822,True
791,2012,54,9,文旅,运营岗,高,9.645046561273835,False
792,2020,49,16,零售,运营岗,中,9.90340154189467,False
793,2022,58,19,文旅,管理岗,中,9.487729322957405,False
794,2018,20,12,互联网,技术岗,中,10.581679698794945,False
795,2012,45,15,文旅,研究岗,中,8.930464611789937,False
796,2020,27,12,文旅,行政岗,高,10.033845116036293,False
797,2020,52,9,文旅,销售岗,低,9.478564006822495,False
798,2022,46,12,零售,技术岗,中,9.439085962921451,False
799,2016,32,16,制造业,销售岗,高,10.424382388093054,False
800,2020,50,15,互联网,行政岗,高,10.297575491917877,False
801,2020,24,9,零售,管理岗,中,9.521022361700116,False
802,2020,29,16,文旅,运营岗,中,10.496107398935397,False
803,2020,47,15,文旅,运营岗,中,9.434330465488063,False
804,2014,38,16,制造业,管理岗,中,10.450680672423767,False
805,2014,48,15,互联网,技术岗,高,11.38081890131346,False
806,2016,41,15,金融,技术岗,中,10.5455108943939,False
807,2012,37,9,零售,销售岗,中,9.043292676568225,False
808,2020,54,12,制造业,管理岗,低,10.754778061497046,False
809,2022,21,19,互联网,技术岗,中,10.668788431474617,False
810,2012,45,12,零售,管理岗,低,9.437341447091585,False
811,2022,61,19,文旅,行政岗,低,10.078805815243483,False
812,2012,37,15,互联网,运营岗,中,10.546324830179605,False
813,2016,41,12,互联网,运营岗,低,9.62361878000306,True
814,2020,49,9,公共服务,运营岗,低,9.224494973387294,False
815,2020,58,12,互联网,管理岗,中,10.583701058890226,False
816,2018,53,19,金融,管理岗,低,10.264629438320885,False
817,2022,51,15,互联网,销售岗,低,9.819003312580318,False
818,2012,53,12,金融,运营岗,中,9.999353538492244,False
819,2012,19,12,文旅,销售岗,低,8.7762249501087,False
820,2014,32,12,金融,运营岗,中,9.784438295981639,False
821,2018,51,15,零售,销售岗,低,9.152031041997947,False
822,2014,53,12,文旅,销售岗,高,9.779712611982584,False
823,2014,23,16,文旅,行政岗,高,10.55988011063817,False
824,2014,56,12,金融,销售岗,高,11.10954275328371,False
825,2022,59,12,制造业,管理岗,中,9.791453739455527,True
826,2022,29,15,教育,销售岗,高,10.331058363285788,False
827,2016,20,15,互联网,运营岗,中,10.433866593249233,True
828,2016,62,19,公共服务,销售岗,低,8.768608574636337,False
829,2014,35,15,教育,技术岗,中,9.298659998476849,False
830,2018,57,9,互联网,研究岗,高,10.388695360140607,False
831,2012,38,15,互联网,运营岗,中,10.77216684455577,False
832,2022,32,12,文旅,技术岗,低,9.839584413815984,False
833,2018,50,9,互联网,运营岗,高,9.872203408545136,False
834,2020,52,19,公共服务,管理岗,高,9.222841046669462,False
835,2022,43,16,互联网,研究岗,低,9.564311257876456,False
836,2022,25,19,金融,研究岗,中,10.238470684894061,False
837,2016,53,15,教育,管理岗,低,10.02582271849989,True
838,2012,47,15,金融,研究岗,高,10.353445896970872,False
839,2012,40,12,公共服务,管理岗,中,10.539720279471732,False
840,2020,59,12,互联网,技术岗,中,10.86720108582342,False
841,2020,61,16,零售,行政岗,高,10.950534145421473,False
842,2022,31,12,公共服务,运营岗,中,9.10591785349623,True
843,2014,31,16,文旅,管理岗,中,10.219990166677864,False
844,2016,19,16,金融,运营岗,中,10.217361751084173,True
845,2016,54,12,金融,技术岗,中,10.34032950002831,False
846,2022,22,15,制造业,行政岗,中,9.556912441490821,False
847,2018,55,16,互联网,技术岗,低,10.8043860021533,False
848,2014,62,12,文旅,研究岗,中,9.197187647387864,False
849,2022,58,16,零售,运营岗,低,8.559018536430898,True
850,2014,64,15,金融,行政岗,中,11.51857944865874,False
851,2014,31,12,金融,研究岗,高,10.553373173762362,False
852,2014,56,15,文旅,行政岗,高,9.431980279570027,False
853,2022,42,19,公共服务,研究岗,中,10.080750886711975,False
854,2016,37,12,公共服务,技术岗,中,9.292728597905715,False
855,2016,19,16,互联网,管理岗,中,10.383157795742443,False
856,2014,56,12,制造业,运营岗,高,10.351529459753152,True
857,2018,23,16,金融,销售岗,低,10.585178501096998,False
858,2012,34,16,制造业,销售岗,高,10.369550961279682,False
859,2022,42,12,公共服务,技术岗,中,9.612889212320232,False
860,2012,45,12,公共服务,运营岗,高,10.353268916640406,False
861,2018,19,16,教育,运营岗,高,9.100997979914707,False
862,2022,52,15,零售,技术岗,高,9.538087018706758,False
863,2014,54,16,互联网,运营岗,中,9.841735441709108,False
864,2016,22,12,教育,管理岗,低,9.993441775151592,False
865,2012,18,16,零售,技术岗,中,9.473499061376842,False
866,2020,57,16,教育,管理岗,中,9.302724534240253,False
867,2020,29,19,教育,运营岗,低,10.302130150364313,False
868,2018,53,12,互联网,技术岗,中,9.560188830499653,False
869,2014,62,15,互联网,运营岗,中,10.107100434620405,False
870,2012,40,15,文旅,技术岗,中,11.179629145484933,True
871,2014,64,12,制造业,运营岗,中,10.192926204701912,False
872,2012,48,15,制造业,管理岗,低,9.633927665921929,False
873,2018,28,9,文旅,管理岗,高,9.473379530730698,False
874,2018,27,16,文旅,运营岗,低,10.199118172421809,False
875,2020,20,15,公共服务,技术岗,中,10.214578736557547,False
876,2014,31,9,零售,销售岗,中,9.361579719198017,True
877,2022,33,16,教育,管理岗,高,10.216957968231682,False
878,2020,27,15,文旅,管理岗,低,8.806083335759114,False
879,2014,46,9,金融,研究岗,中,8.990494197462086,False
880,2020,27,19,制造业,销售岗,中,10.222747748324572,False
881,2022,29,19,文旅,运营岗,低,9.59169314805962,False
882,2016,47,15,金融,技术岗,中,10.7223434688872,False
883,2016,58,9,金融,研究岗,高,10.178448859093095,False
884,2016,18,16,金融,运营岗,高,10.20497408357809,False
885,2016,22,15,公共服务,行政岗,低,9.689759152722996,False
886,2012,37,12,公共服务,管理岗,低,9.129971967944794,False
887,2016,25,15,金融,行政岗,中,11.536630757907716,True
888,2022,60,15,零售,管理岗,中,10.012433264429626,False
889,2018,29,15,公共服务,管理岗,低,8.741666157131888,False
890,2018,18,15,教育,行政岗,低,10.68128330512077,False
891,2012,37,15,金融,行政岗,高,10.201768047823512,False
892,2016,45,19,教育,运营岗,高,9.863894655070906,False
893,2016,60,12,教育,研究岗,低,10.619027658898938,False
894,2016,54,16,金融,研究岗,中,10.67021016178756,False
895,2020,64,16,制造业,行政岗,中,10.465421303963018,False
896,2014,54,15,零售,运营岗,低,9.953183063729684,False
897,2020,29,15,金融,研究岗,中,10.28670565606921,False
898,2014,54,15,金融,运营岗,中,10.085177101397525,False
899,2016,61,15,公共服务,运营岗,高,9.774908399784241,True
900,2016,45,16,金融,管理岗,高,11.514876453584218,False
901,2020,64,15,制造业,研究岗,中,10.112083154263745,False
902,2020,32,19,公共服务,研究岗,中,10.892103271843876,False
903,2014,23,9,互联网,管理岗,中,9.777955180024328,True
904,2018,61,9,互联网,行政岗,中,9.404539032460942,False
905,2014,37,16,教育,管理岗,中,9.216780939372569,False
906,2020,31,12,零售,研究岗,低,9.666401751834725,False
907,2022,19,12,教育,研究岗,低,10.371753943126587,False
908,2020,26,12,制造业,行政岗,中,9.272714845464426,False
909,2022,54,12,文旅,管理岗,高,10.06235491275091,False
910,2012,37,9,零售,技术岗,低,8.313411356375589,False
911,2020,43,19,互联网,技术岗,中,10.314366827615961,False
912,2012,46,12,教育,行政岗,中,9.837365231956003,False
913,2018,18,16,互联网,管理岗,中,9.42943825288128,False
914,2014,52,16,制造业,管理岗,低,9.820087210998839,True
915,2022,23,19,制造业,运营岗,高,10.009814739620568,False
916,2014,54,9,文旅,研究岗,高,9.872617574156049,False
917,2012,22,16,文旅,销售岗,中,9.859029646815557,True
918,2022,50,15,公共服务,行政岗,中,10.36669146070717,False
919,2014,31,16,零售,销售岗,低,9.476220942290352,False
920,2020,29,16,制造业,销售岗,中,9.33069126409377,False
921,2016,59,16,教育,行政岗,高,9.342171955430052,True
922,2012,37,12,互联网,管理岗,低,8.76004477304312,False
923,2014,41,16,金融,行政岗,中,10.828126807935494,True
924,2012,60,15,文旅,销售岗,中,11.276752005597945,True
925,2012,51,16,金融,研究岗,中,10.719380975451823,False
926,2022,42,19,教育,研究岗,高,11.319625785102387,False
927,2022,46,12,文旅,研究岗,低,10.003465309933961,False
928,2016,56,19,金融,管理岗,高,10.584915194569252,True
929,2020,48,9,零售,技术岗,中,10.015923789544846,False
930,2012,64,9,教育,行政岗,高,9.336783919668116,True
931,2014,60,9,互联网,研究岗,中,9.567710671753904,False
932,2018,40,12,零售,行政岗,中,9.445274220735032,False
933,2012,61,16,教育,研究岗,高,10.071341087720077,False
934,2012,55,9,公共服务,管理岗,中,9.733753204752382,True
935,2016,37,9,文旅,技术岗,中,9.021012295260057,False
936,2020,40,19,制造业,技术岗,中,10.809006528220637,False
937,2018,62,16,互联网,研究岗,高,11.011109245667308,False
938,2022,33,16,零售,管理岗,中,10.068629942844467,True
939,2022,59,16,零售,运营岗,高,11.096786549734095,False
940,2014,25,16,金融,行政岗,中,11.18806595676207,False
941,2018,38,9,文旅,行政岗,中,9.978351109610257,False
942,2022,18,12,制造业,销售岗,高,9.946384355998788,False
943,2014,25,16,教育,管理岗,中,10.203471375797879,False
944,2020,46,12,制造业,销售岗,高,10.198094049698264,False
945,2014,49,16,文旅,研究岗,高,10.107282755440181,True
946,2022,55,9,文旅,销售岗,中,9.18343679683034,True
947,2016,22,12,公共服务,技术岗,低,8.03685799141803,False
948,2016,64,15,公共服务,行政岗,低,9.994770975018653,False
949,2016,39,16,制造业,销售岗,高,10.802795969285844,False
950,2022,64,15,教育,技术岗,高,9.441384629113738,False
951,2016,51,16,制造业,管理岗,低,10.16284275734627,False
952,2018,18,9,文旅,销售岗,低,8.814660326925363,False
953,2020,43,9,文旅,研究岗,低,8.938408949676111,False
954,2014,60,16,金融,研究岗,高,11.350918290049844,False
955,2014,27,16,公共服务,研究岗,中,9.385151085382292,False
956,2022,47,9,金融,行政岗,中,9.374318716218731,False
957,2016,35,16,互联网,销售岗,中,11.3726589011042,False
958,2016,34,12,文旅,管理岗,高,9.699943815804989,False
959,2012,43,15,金融,销售岗,中,11.085600076277087,True
960,2020,25,12,制造业,行政岗,中,8.880713425994088,True
961,2018,64,16,公共服务,技术岗,低,8.84476820172503,False
962,2014,57,16,公共服务,行政岗,中,9.427880516431868,False
963,2012,29,12,教育,研究岗,高,9.575196572907021,False
964,2012,44,16,制造业,技术岗,高,9.458192371840788,False
965,2022,25,15,教育,研究岗,低,9.8831130620365,True
966,2014,42,12,金融,运营岗,低,10.149026792761232,False
967,2022,63,12,零售,行政岗,低,8.816021417188807,True
968,2018,21,12,互联网,行政岗,中,9.609770715335062,True
969,2012,50,9,制造业,管理岗,高,9.292270211381641,False
970,2012,18,15,制造业,销售岗,低,9.109312810608827,False
971,2020,36,16,制造业,技术岗,中,8.487443265012145,False
972,2018,48,15,教育,技术岗,中,9.883227831620324,True
973,2012,33,12,金融,管理岗,低,9.673259269014464,False
974,2018,31,9,制造业,管理岗,中,9.339519785345386,False
975,2014,22,12,零售,销售岗,中,9.003508063445178,False
976,2016,58,15,制造业,研究岗,中,10.445773624532647,False
977,2012,43,16,公共服务,销售岗,高,11.413965374179392,False
978,2020,45,12,互联网,行政岗,中,9.601253329188367,False
979,2014,19,16,公共服务,研究岗,低,10.44983287643479,False
980,2018,23,16,公共服务,运营岗,高,10.28165739668101,False
981,2022,26,15,互联网,销售岗,中,10.31948094048034,False
982,2014,50,16,零售,管理岗,高,9.840732494890442,False
983,2012,58,15,金融,研究岗,低,10.104230721371305,False
984,2018,42,16,公共服务,销售岗,低,10.312274879334245,True
985,2016,30,15,金融,技术岗,低,9.524055471473918,False
986,2014,26,15,公共服务,运营岗,低,9.448746297866702,False
987,2012,30,12,文旅,行政岗,中,10.316950114302378,False
988,2020,48,12,互联网,技术岗,高,10.751043081440399,False
989,2022,58,12,公共服务,技术岗,中,8.992577733577367,False
990,2018,28,15,文旅,运营岗,中,9.769574467220425,False
991,2014,21,9,教育,行政岗,中,9.850404316308715,False
992,2014,51,19,文旅,管理岗,低,10.304885465626603,False
993,2016,55,16,制造业,研究岗,中,10.616323986683808,False
994,2016,63,15,公共服务,行政岗,中,10.061357238492013,False
995,2020,21,12,文旅,销售岗,高,10.08357423139768,False
996,2022,55,16,金融,技术岗,高,10.818538032059937,False
997,2020,36,16,教育,销售岗,中,10.87885319264034,False
998,2012,23,16,零售,管理岗,中,9.648003851312831,True
999,2012,51,12,公共服务,销售岗,高,9.78650513961987,False
1000,2020,35,15,制造业,行政岗,高,9.591767142225258,True
1001,2022,30,9,零售,销售岗,中,8.653388028257575,False
1002,2020,58,12,文旅,管理岗,高,9.958726185582108,True
1003,2022,40,16,零售,管理岗,低,9.231697553731982,False
1004,2022,36,16,零售,管理岗,高,9.998272918406453,True
1005,2018,62,15,教育,行政岗,低,10.569762120788315,False
1006,2022,28,16,零售,管理岗,中,10.737965736305052,False
1007,2016,18,15,零售,技术岗,高,11.173224628278565,False
1008,2022,41,15,公共服务,管理岗,中,10.750708879619516,False
1009,2022,24,12,教育,销售岗,中,11.011660005482021,False
1010,2022,42,19,制造业,研究岗,中,10.560091317296909,False
1011,2012,38,9,文旅,销售岗,高,9.043338679545478,False
1012,2016,32,19,教育,研究岗,高,9.849784086782984,False
1013,2016,18,16,教育,销售岗,高,10.927981834092835,False
1014,2020,29,12,互联网,行政岗,中,10.088394576545733,False
1015,2018,24,15,教育,销售岗,高,10.149372333715307,False
1016,2022,32,16,互联网,行政岗,中,10.078010901625403,False
1017,2014,38,15,文旅,行政岗,中,9.633954333192893,False
1018,2018,36,19,零售,管理岗,高,10.481067609377309,False
1019,2018,46,19,公共服务,技术岗,中,9.58962708043178,False
1020,2016,42,15,公共服务,研究岗,低,9.741426156194452,False
1021,2018,50,12,文旅,管理岗,低,10.211094107324321,True
1022,2022,49,19,文旅,管理岗,低,8.766500287087649,False
1023,2022,52,16,金融,行政岗,高,9.782278467057587,False
1024,2012,61,9,零售,行政岗,中,9.691585478826685,True
1025,2022,55,9,文旅,研究岗,高,10.290182330513474,False
1026,2022,43,15,教育,销售岗,中,9.660558998423175,False
1027,2016,28,19,公共服务,销售岗,中,9.070967661725504,False
1028,2022,52,16,制造业,管理岗,中,10.867558295667413,False
1029,2012,25,16,公共服务,运营岗,高,9.63391416644701,False
1030,2014,63,12,互联网,运营岗,中,9.861314511389816,False
1031,2016,31,12,公共服务,销售岗,高,9.935474679775878,False
1032,2014,27,16,金融,运营岗,中,10.113461645449084,False
1033,2016,19,12,零售,销售岗,中,9.078128650063546,False
1034,2020,63,12,文旅,行政岗,中,9.158209894089753,True
1035,2018,26,12,零售,管理岗,高,10.731860708510226,False
1036,2020,20,16,文旅,技术岗,高,10.737787473633903,False
1037,2022,38,19,公共服务,管理岗,低,10.23598453733945,False
1038,2014,43,12,制造业,销售岗,中,8.55746172584599,True
1039,2022,25,15,制造业,销售岗,中,10.318005542280574,False
1040,2018,19,16,金融,管理岗,高,10.918310114625207,False
1041,2016,23,19,互联网,研究岗,低,9.66702677289816,False
1042,2018,45,9,公共服务,销售岗,高,9.662290573410608,False
1043,2012,46,15,文旅,运营岗,高,10.598320872942276,False
1044,2018,43,12,公共服务,运营岗,低,9.673151255226577,False
1045,2012,42,16,金融,销售岗,高,10.255906829064875,True
1046,2018,29,15,教育,销售岗,低,9.687295553696185,False
1047,2012,22,9,教育,研究岗,低,9.60169631216066,False
1048,2014,51,16,金融,运营岗,低,10.262698618819707,False
1049,2022,54,16,文旅,销售岗,低,10.389856689008791,False
1050,2022,32,9,零售,销售岗,高,9.68762485626206,False
1051,2020,61,16,金融,研究岗,低,10.644107465908307,False
1052,2022,53,12,文旅,研究岗,中,10.08177035584547,False
1053,2016,32,15,制造业,管理岗,低,9.163324513181776,False
1054,2018,60,15,金融,研究岗,中,10.427492319446173,False
1055,2020,40,16,文旅,技术岗,低,9.517205039564569,True
1056,2016,23,12,金融,运营岗,中,10.734115297143894,False
1057,2016,63,16,金融,管理岗,低,10.484778175687214,False
1058,2012,61,16,零售,技术岗,高,9.926483145841924,False
1059,2022,60,16,零售,销售岗,高,9.324981728106534,True
1060,2014,62,16,文旅,销售岗,低,8.821700417333702,True
1061,2014,38,16,文旅,管理岗,高,10.270688440969723,False
1062,2020,40,9,互联网,研究岗,低,9.175533027521599,False
1063,2014,60,12,金融,销售岗,低,10.27636955745348,False
1064,2018,33,19,教育,行政岗,低,9.096272854208076,False
1065,2014,64,12,金融,管理岗,中,11.036123159014892,True
1066,2020,32,16,金融,技术岗,中,10.845125249462422,False
1067,2014,42,19,文旅,管理岗,高,10.394551799487749,True
1068,2018,53,9,金融,运营岗,中,10.845682415021503,False
1069,2012,28,16,公共服务,研究岗,高,10.601629863821623,False
1070,2020,32,15,金融,研究岗,低,9.888748218760627,False
1071,2012,21,15,公共服务,管理岗,高,10.042666970378079,False
1072,2012,38,9,零售,销售岗,低,7.989649135101892,False
1073,2012,30,9,教育,销售岗,低,9.78530467080187,False
1074,2016,39,16,文旅,行政岗,低,9.537226577104553,False
1075,2022,36,16,金融,行政岗,低,9.14252633511856,False
1076,2016,51,16,公共服务,研究岗,中,9.279988786825054,False
1077,2022,31,15,公共服务,行政岗,高,10.479001626647173,False
1078,2012,21,9,零售,技术岗,低,9.957591493269886,False
1079,2020,63,16,公共服务,行政岗,高,10.091234035404947,False
1080,2022,44,12,制造业,技术岗,中,9.21987176190391,False
1081,2018,46,19,互联网,行政岗,高,9.988587670676493,False
1082,2018,64,16,教育,研究岗,低,10.538038039977609,False
1083,2014,45,16,零售,研究岗,中,10.127207278145976,False
1084,2022,52,19,零售,技术岗,高,10.08842320864539,False
1085,2020,25,9,金融,管理岗,中,9.607450517658455,False
1086,2016,33,16,制造业,研究岗,中,10.449506300753496,False
1087,2012,59,12,金融,管理岗,低,10.26437517173925,False
1088,2014,53,19,金融,销售岗,中,10.226878572599231,True
1089,2018,47,12,文旅,技术岗,中,9.001695130004482,False
1090,2016,35,16,文旅,研究岗,高,9.499453517357576,False
1091,2016,19,16,文旅,运营岗,低,9.442476480739103,False
1092,2012,30,9,制造业,销售岗,中,9.140618000529486,False
1093,2022,21,12,金融,管理岗,中,11.049950609993264,True
1094,2018,43,16,互联网,研究岗,中,10.10292065775731,False
1095,2020,42,15,教育,技术岗,中,9.242683453627649,False
1096,2016,47,12,文旅,行政岗,高,9.12357640750526,False
1097,2012,28,12,文旅,运营岗,中,9.528815619427123,False
1098,2020,24,12,零售,管理岗,高,8.707831732361639,False
1099,2022,48,16,金融,销售岗,低,10.196933607375682,False
1100,2018,61,15,金融,技术岗,低,9.41508477473514,False
1101,2022,27,9,制造业,运营岗,中,10.157235701707936,False
1102,2016,56,12,制造业,技术岗,低,9.57410929208307,False
1103,2020,30,12,文旅,研究岗,低,10.546562980842845,False
1104,2020,48,12,金融,行政岗,低,9.784489681273786,False
1105,2020,24,15,互联网,销售岗,高,8.727540891316359,True
1106,2016,59,12,教育,技术岗,低,10.241724660195914,False
1107,2016,59,12,金融,管理岗,高,10.586057737162388,True
1108,2022,53,16,零售,研究岗,低,9.99129933342837,False
1109,2014,37,12,金融,研究岗,高,9.758579025640774,False
1110,2022,21,16,公共服务,销售岗,高,10.056433569422534,False
1111,2018,24,15,制造业,研究岗,低,9.852553481324613,False
1112,2012,18,15,零售,管理岗,高,9.819198660316646,False
1113,2020,61,16,教育,技术岗,中,9.05610044611059,False
1114,2014,62,15,文旅,销售岗,高,11.542780626542477,False
1115,2012,59,16,零售,研究岗,中,10.339706080805525,False
1116,2014,64,16,金融,研究岗,中,10.711321225861218,False
1117,2022,30,15,文旅,管理岗,高,10.742637091557686,False
1118,2016,39,16,金融,行政岗,中,10.834305716071363,True
1119,2020,38,15,文旅,行政岗,低,9.247538415956164,False
1120,2022,39,12,教育,研究岗,高,10.52738051679973,True
1121,2012,45,12,制造业,技术岗,中,10.22871880361791,False
1122,2012,26,12,教育,销售岗,中,9.33839280047727,False
1123,2012,43,16,公共服务,研究岗,低,10.114508067556775,True
1124,2012,26,16,互联网,运营岗,中,10.247686482303155,False
1125,2012,32,19,制造业,销售岗,高,10.584663009889235,False
1126,2014,27,15,教育,行政岗,中,10.259807756802275,False
1127,2022,41,15,公共服务,研究岗,中,10.602673735717728,False
1128,2020,59,9,互联网,管理岗,中,9.464702208180123,False
1129,2016,25,16,公共服务,运营岗,高,10.280729199358744,True
1130,2016,41,15,金融,研究岗,中,11.508649424427158,False
1131,2022,33,19,金融,技术岗,中,10.623173877185177,False
1132,2022,43,12,文旅,运营岗,高,9.88810622773477,False
1133,2016,44,15,制造业,研究岗,中,11.107826760962894,False
1134,2016,54,16,金融,技术岗,低,10.580612609572007,False
1135,2014,21,16,零售,运营岗,低,8.819310846461388,False
1136,2018,41,15,公共服务,技术岗,中,9.412487291315099,False
1137,2020,36,16,制造业,技术岗,低,10.209268567900994,True
1138,2012,53,12,零售,运营岗,中,9.792652699339763,False
1139,2018,56,16,金融,运营岗,高,10.71941892670635,False
1140,2022,27,15,文旅,技术岗,低,10.808673300741555,True
1141,2016,42,16,教育,行政岗,高,9.82038206411288,False
1142,2018,35,16,文旅,运营岗,中,9.909072397112379,False
1143,2020,36,12,零售,研究岗,高,8.630289384808972,False
1144,2022,53,12,互联网,销售岗,高,10.848362938840536,False
1145,2012,27,19,金融,管理岗,低,10.030631234415582,False
1146,2012,50,15,零售,技术岗,中,10.381425222840512,False
1147,2020,22,19,互联网,技术岗,低,10.893616572290517,False
1148,2020,64,12,互联网,管理岗,高,11.502004592333279,True
1149,2016,52,16,公共服务,行政岗,高,10.437101567092165,False
1150,2012,61,16,制造业,管理岗,中,9.88415235662394,False
1151,2022,51,19,公共服务,运营岗,中,10.4194926279984,False
1152,2018,50,12,金融,管理岗,中,9.742410933694279,True
1153,2022,38,16,互联网,技术岗,高,10.7055380976299,False
1154,2014,34,15,零售,管理岗,中,9.689503621951696,False
1155,2014,39,9,教育,销售岗,中,9.411313852680472,False
1156,2020,54,16,互联网,研究岗,中,9.885898431639841,False
1157,2016,32,16,零售,运营岗,低,9.795245332869527,False
1158,2014,52,19,教育,管理岗,高,10.853326514127337,False
1159,2012,45,15,公共服务,技术岗,低,8.69134676293055,True
1160,2022,24,12,公共服务,研究岗,中,9.231274040704175,True
1161,2022,49,9,制造业,运营岗,低,9.36242594304915,False
1162,2020,28,15,零售,技术岗,低,8.258975847332623,True
1163,2018,27,12,互联网,行政岗,中,11.017145438542107,False
1164,2020,26,16,文旅,销售岗,高,9.708889051995818,False
1165,2018,31,12,公共服务,行政岗,高,9.244051864682865,False
1166,2020,30,19,公共服务,销售岗,低,9.805961748058767,False
1167,2020,42,19,制造业,管理岗,低,10.145555061339023,False
1168,2020,19,16,教育,运营岗,高,9.743939906126213,False
1169,2018,52,19,制造业,管理岗,中,10.85922751629391,False
1170,2018,24,16,互联网,销售岗,低,10.349838596692674,False
1171,2020,38,15,零售,销售岗,高,9.489516958517054,False
1172,2014,35,12,金融,销售岗,高,10.022677185692697,True
1173,2016,20,15,金融,研究岗,高,9.715776666985324,True
1174,2016,59,15,零售,技术岗,高,9.260662507455839,False
1175,2016,56,16,教育,运营岗,高,10.373179080516797,False
1176,2018,58,15,公共服务,管理岗,低,9.145224494161594,True
1177,2018,28,16,教育,管理岗,低,10.752356449177,False
1178,2014,56,16,公共服务,行政岗,中,9.969007760170028,False
1179,2016,41,12,公共服务,销售岗,中,8.865947116192803,False
1180,2016,63,19,金融,销售岗,中,10.09115899266284,False
1181,2020,36,15,教育,销售岗,中,10.509133332074786,False
1182,2018,21,12,制造业,管理岗,中,9.717917518565011,False
1183,2016,43,16,公共服务,行政岗,中,10.4755971546067,False
1184,2022,55,9,文旅,技术岗,低,8.938431610957064,True
1185,2014,59,16,文旅,研究岗,中,9.64187234912307,True
1186,2022,49,15,制造业,运营岗,中,10.615696054068913,False
1187,2022,56,15,文旅,技术岗,高,9.547782442634272,True
1188,2014,62,19,互联网,管理岗,低,10.6389797733537,False
1189,2022,63,15,公共服务,研究岗,中,9.733519014279247,False
1190,2016,53,12,制造业,研究岗,高,10.393297877356677,False
1191,2018,57,15,教育,研究岗,中,10.93016619314469,False
1192,2014,54,19,公共服务,销售岗,低,9.704302274239446,False
1193,2020,50,12,制造业,运营岗,中,9.45907182366195,False
1194,2022,53,12,金融,管理岗,中,10.526194613970548,False
1195,2014,20,9,教育,管理岗,高,9.004898022638312,True
1196,2012,26,9,金融,研究岗,低,10.55905600181752,False
1197,2012,25,16,公共服务,管理岗,中,10.72531240253106,True
1198,2018,50,16,教育,运营岗,低,9.210484198461764,False
1199,2016,23,12,文旅,运营岗,中,8.759281349326201,False
1200,2018,58,16,制造业,行政岗,中,9.44168256592908,False
